<?xml version="1.0" encoding="UTF-8" ?>
<!DOCTYPE log4j:configuration SYSTEM "log4j.dtd">

<log4j:configuration xmlns:log4j="http://jakarta.apache.org/log4j/">

    <appender name="CONSOLE" class="org.apache.log4j.ConsoleAppender">
        <layout class="org.apache.log4j.PatternLayout">
            <param name="ConversionPattern"
                value="%p %c{1}.%M(%L) | %m%n"/>
        </layout>
    </appender>
    
    <appender name="FILE" class="org.apache.log4j.RollingFileAppender">
        <param name="File" value="./target/log.log" />
        <param name="Append" value="false" />
        <param name="MaxBackupIndex" value="1" />
        <param name="MaxFileSize" value="500KB" />
        <layout class="org.apache.log4j.PatternLayout">
            <param name="ConversionPattern"
                value="%d [%t] %-5p %c - %m%n"/>
        </layout>
    </appender>
    
    <logger name="net.sf.ehcache">
        <level value="ERROR"/>
    </logger>

    <logger name="org.apache">
        <level value="WARN"/>
    </logger>

    <logger name="org.apache.velocity">
        <level value="FATAL"/>
    </logger>

    <logger name="org.hibernate">
        <level value="WARN"/>
    </logger>
  
    <logger name="org.springframework">
        <level value="WARN"/>
    </logger>
    
    <!-- Suppress success logging from InteractiveAuthenticationSuccessEvent -->
    <logger name="org.springframework.security">
        <level value="ERROR"/>
    </logger>
   
    <logger name="com.swayam.demo.web">
        <level value="DEBUG"/>
    </logger>

    <root>
        <level value="INFO"/>
        <appender-ref ref="CONSOLE"/>
        <appender-ref ref="FILE"/>
    </root>

</log4j:configuration>
